NetworkFilename,Strain,MouseID,Sex,Cage,DOB,Box,TestDate,Weight,TestTime,TestNum,Comments,Shipped,Tester,RoomOrigin,ShipDate,TestingSheetLink,TestingSheetLinkPath,TestingSheetName,CoatColor,LightIntensity,WhiteNoise,DrugDosed,DrugDosage,DontUseOFA,DontUsePSY,TestAssay,TestAssayNotes,TestDataset,TestID,MovieHyperlink,networkMovieFound,TimestampsFound,DistExportFound,networkEllfitFound,networkGroomFound,networkPointsFound,PredictedBaselineLength,PredictedNumberTracks
LL1-B2B/2016-04-18_SPD/LL1-4_000690-M-MP13-8-42416-4-S080.avi,129P3/J,LL1-4_000690-M-MP13-8-42416-4-S080,M,S080,2/16/16,LL1-4,4/18/16,21,10:25,1,Taken with VC++ Sentech --- NA --- NA --- NA --- NA,Y,Sean Deats,MP13,4/14/16,None,None,None,Off White,500-600,FALSE,COCAINE,20,NA,NA,PSY,NA,StrainSurvey,000690-M-MP13-8-42416-4-S080_S080_2016/04/18,MovieLink,TRUE,TRUE,TRUE,TRUE,TRUE,TRUE,3908.055686,2
LL1-B2B/2016-12-22_SPD/LL1-4_003719-M-F29-4.28571428571429-42647-3-S318.avi,MSM/MsJ,LL1-4_003719-M-F29-4.28571428571429-42647-3-S318,M,S318,10/4/16,LL1-4,12/22/16,12.3,14:45,1,NA --- NA --- NA --- NA --- NA,Y,Sean Deats,F29,11/3/16,None,None,None,Dark Brown,500-600,FALSE,COCAINE,20,NA,NA,PSY,NA,StrainSurvey,003719-M-F29-4.28571428571429-42647-3-S318_S318_2016/12/22,MovieLink,TRUE,TRUE,TRUE,TRUE,TRUE,TRUE,3701.741001,2
LL1-B2B/2016-12-28_SPD/LL1-4_003719-F-F29-4.28571428571429-42647-1-S328.avi,MSM/MsJ,LL1-4_003719-F-F29-4.28571428571429-42647-1-S328,F,S328,10/4/16,LL1-4,12/28/16,10,14:35,1,NA --- WILD --- NA --- NA --- NA,Y,Sean Deats,F29,11/3/16,None,None,None,Dark Brown,500-600,FALSE,COCAINE,20,NA,NA,PSY,NA,StrainSurvey,003719-F-F29-4.28571428571429-42647-1-S328_S328_2016/12/28,MovieLink,TRUE,TRUE,TRUE,TRUE,TRUE,TRUE,3796.529983,1
LL1-B2B/2017-01-04_SPD/LL1-2_004660-F-AX10-3.42857142857143-42654-2-S327.avi,PWD/PhJ,LL1-2_004660-F-AX10-3.42857142857143-42654-2-S327,F,S327,10/11/16,LL1-2,1/4/17,14.3,13:55,1,NA --- WILD. --- NA --- NA --- NA,Y,Sean Deats,AX10,11/4/16,None,None,None,Agouti,500-600,FALSE,COCAINE,20,NA,NA,PSY,NA,StrainSurvey,004660-F-AX10-3.42857142857143-42654-2-S327_S327_2017/01/04,MovieLink,TRUE,TRUE,TRUE,TRUE,TRUE,TRUE,3671.97984,2
LL1-B2B/2017-01-11_SPD/LL1-2_004660-M-AX10-3.42857142857143-42654-2-S325.avi,PWD/PhJ,LL1-2_004660-M-AX10-3.42857142857143-42654-2-S325,M,S325,10/11/16,LL1-2,1/11/17,17.8,14:40,1,NA --- WILD --- NA --- NA --- NA,Y,Sean Deats,AX10,11/4/16,None,None,None,Agouti,500-600,FALSE,COCAINE,20,NA,NA,PSY,NA,StrainSurvey,004660-M-AX10-3.42857142857143-42654-2-S325_S325_2017/01/11,MovieLink,TRUE,TRUE,TRUE,TRUE,TRUE,TRUE,3716.841801,2
LL1-B2B/2017-01-12_SPD/LL1-1_001144-F-F29-4-42661-1-S344.avi,CZECHII/EiJ,LL1-1_001144-F-F29-4-42661-1-S344,F,S344,10/18/16,LL1-1,1/12/17,12.2,13:35,1,NA --- WILD --- NA --- NA --- NA,Y,Sean Deats,F29,11/15/16,None,None,None,Agouti,500-600,FALSE,COCAINE,20,NA,NA,PSY,NA,StrainSurvey,001144-F-F29-4-42661-1-S344_S344_2017/01/12,MovieLink,TRUE,TRUE,TRUE,TRUE,TRUE,TRUE,3709.826221,2
LL1-B2B/2017-01-12_SPD/LL1-3_001144-F-F29-4-42661-3-S344.avi,CZECHII/EiJ,LL1-3_001144-F-F29-4-42661-3-S344,F,S344,10/18/16,LL1-3,1/12/17,17.2,13:35,1,NA --- WILD --- NA --- NA --- NA,Y,Sean Deats,F29,11/15/16,None,None,None,Agouti,500-600,FALSE,COCAINE,20,NA,NA,PSY,NA,StrainSurvey,001144-F-F29-4-42661-3-S344_S344_2017/01/12,MovieLink,TRUE,TRUE,TRUE,TRUE,TRUE,TRUE,3800.619784,2
LL1-B2B/2017-01-12_SPD/LL1-4_001144-F-F29-4-42661-4-S344.avi,CZECHII/EiJ,LL1-4_001144-F-F29-4-42661-4-S344,F,S344,10/18/16,LL1-4,1/12/17,14.1,13:35,1,NA --- WILD --- NA --- NA --- NA,Y,Sean Deats,F29,11/15/16,None,None,None,Agouti,500-600,FALSE,COCAINE,20,NA,NA,PSY,NA,StrainSurvey,001144-F-F29-4-42661-4-S344_S344_2017/01/12,MovieLink,TRUE,TRUE,TRUE,TRUE,TRUE,TRUE,3791.276163,2
LL2-B2B/2016-01-12_BG/LL2-4_C3HeB.avi,C3HeB/FeJ,LL2-4_C3HeB,M,NA,11/10/15,LL2-4,1/12/16,28,10:45,1,Powered --- NA --- NA --- NA --- NA,Y,Brian Geuther,MP16,1/7/16,None,None,None,Agouti,500-600,FALSE,NA,0,NA,NA,OFA,NA,StrainSurvey,C3HeB_NA_2016/01/12,MovieLink,TRUE,TRUE,TRUE,TRUE,TRUE,TRUE,3561.1,1
LL2-B2B/2016-03-22_SPD/LL2-4_C3H_HeO.avi,C3H/HeOuJ,LL2-4_C3H_HeO,M,NA,1/19/16,LL2-4,3/22/16,26.1,12:30,1,Taken with VC++ Sentech --- Fighting in cage before weighing --- Ready to run at 11:55:00 AM but had technical issues. --- NA --- NA,Y,Sean Deats,MP14,3/17/16,None,None,None,Agouti,500-600,FALSE,NA,0,NA,NA,OFA,NA,StrainSurvey,C3H_HeO_NA_2016/03/22,MovieLink,TRUE,TRUE,TRUE,TRUE,TRUE,TRUE,3731.313401,1
LL2-B2B/2016-03-28_SPD/LL2-4_AJ_M.avi,A/J,LL2-4_AJ_M,M,NA,1/26/16,LL2-4,3/28/16,24,10:15,1,Taken with VC++ Sentech --- NA --- NA --- NA --- NA,Y,Sean Deats,MP16,3/24/16,None,None,None,Albino,500-600,FALSE,COCAINE,20,NA,NA,PSY,NA,StrainSurvey,AJ_M_NA_2016/03/28,MovieLink,TRUE,TRUE,TRUE,TRUE,TRUE,TRUE,3923.156487,2
LL2-B2B/2016-03-29_SPD/LL2-4_BLKS_M.avi,C57BLKS/J,LL2-4_BLKS_M,M,NA,1/26/16,LL2-4,3/29/16,26.4,10:15,1,Taken with VC++ Sentech --- Whiskering on one side only --- NA --- NA --- NA,Y,Sean Deats,AX4,3/24/16,None,None,None,Black,500-600,FALSE,COCAINE,20,NA,NA,PSY,NA,StrainSurvey,BLKS_M_NA_2016/03/29,MovieLink,TRUE,TRUE,TRUE,TRUE,TRUE,TRUE,3985.919189,2
LL2-B2B/2016-04-06_SPD/LL2-1_AJ_F.avi,A/J,LL2-1_AJ_F,F,NA,2/2/16,LL2-1,4/6/16,19.4,10:05,1,Taken with VC++ Sentech --- Injection @ 3000 seconds remaining --- NA --- NA --- NA,Y,Sean Deats,MP16,3/31/16,None,None,None,Albino,500-600,FALSE,COCAINE,20,NA,NA,PSY,NA,StrainSurvey,AJ_F_NA_2016/04/06,MovieLink,TRUE,TRUE,TRUE,TRUE,TRUE,TRUE,5027.276677,2
LL2-B2B/2016-04-20_SPD/LL2-4_000691-M-MP16-8-42416-8-S083.avi,129X1/SvJ,LL2-4_000691-M-MP16-8-42416-8-S083,M,S083,2/16/16,LL2-4,4/20/16,23.3,10:35,1,Taken with VC++ Sentech --- NA --- NA --- NA --- NA,Y,Sean Deats,MP16,4/14/16,None,None,None,Albino,500-600,FALSE,COCAINE,20,NA,NA,PSY,NA,StrainSurvey,000691-M-MP16-8-42416-8-S083_S083_2016/04/20,MovieLink,TRUE,TRUE,TRUE,TRUE,TRUE,TRUE,3885.373026,2
LL2-B2B/2016-04-25_SPD/LL2-3_001800-M-MP16-10-42409-7-S100.avi,FVB/NJ,LL2-3_001800-M-MP16-10-42409-7-S100,M,S100,2/9/16,LL2-3,4/25/16,25.5,10:15,1,Taken with VC++ Sentech --- NA --- NA --- NA --- NA,Y,Sean Deats,MP16,4/21/16,None,None,None,Albino,500-600,FALSE,COCAINE,20,NA,NA,PSY,NA,StrainSurvey,001800-M-MP16-10-42409-7-S100_S100_2016/04/25,MovieLink,TRUE,TRUE,TRUE,TRUE,TRUE,TRUE,3861.400505,2
LL2-B2B/2016-05-17_SPD/LL2-4_000684-F-MP16-9-42437-8-S190.avi,NZB/BlNJ,LL2-4_000684-F-MP16-9-42437-8-S190,F,S190,3/8/16,LL2-4,5/17/16,22.9,10:30,1,Taken with VC++ Sentech --- NA --- NA --- NA --- NA,Y,Sean Deats,MP16,5/12/16,None,None,None,Black,500-600,FALSE,COCAINE,20,NA,NA,PSY,NA,StrainSurvey,000684-F-MP16-9-42437-8-S190_S190_2016/05/17,MovieLink,TRUE,TRUE,TRUE,TRUE,TRUE,TRUE,3875.526045,2
LL2-B2B/2016-12-29_SPD/LL2-4_002105-F-AX12-5.28571428571429-42640-8-S330.avi,NZO/HILtJ,002105-F-AX12-5.28571428571429-42640-8-S330,F,S330,9/27/16,LL2-4,12/29/16,38.2,0.59722222222222221 N,1,EP after test --- WHITE NOISE N,Y,Sean Deats,AX12,11/3/16,TestingSheet,../../../../../kumarlab-new/Sean/Behavior/Locomotor/PostProcessing/./../../BAT/CC_TestingSheets/2016-12-29/CCF1_2016-12-29_T1_PostTest.xlsx,BAT Template,Agouti,500-600,TRUE,NA,NA,NA,NA,SIT,BAT day 1,CCF1,002105-F-AX12-5.28571428571429-42640-8-S330_S330_2016/12/29,MovieLink,TRUE,TRUE,TRUE,TRUE,TRUE,TRUE,4147.403373,4
LL2-B2B/2017-01-01_SPD/LL2-1_002105-M-AX12-5.28571428571429-42640-5-S332.avi,NZO/HILtJ,002105-M-AX12-5.28571428571429-42640-5-S332,M,S332,9/27/16,LL2-1,1/1/17,44.1,0.58333333333333337 N,1,EP after test. --- WHITE NOISE N,Y,Sean Deats,AX12,11/3/16,TestingSheet,../../../../../kumarlab-new/Sean/Behavior/Locomotor/PostProcessing/./../../BAT/CC_TestingSheets/2017-01-01/CCF1_2017-01-01_T1_PostTest.xlsx,BAT Template,Agouti,500-600,TRUE,NA,NA,NA,NA,SIT,BAT day 1,CCF1,002105-M-AX12-5.28571428571429-42640-5-S332_S332_2017/01/01,MovieLink,TRUE,TRUE,TRUE,TRUE,TRUE,TRUE,6564.443779,1
LL2-B2B/2017-01-11_SPD/LL2-4_000653-M-AX10-4.28571428571429-42654-4-S334.avi,BUB/BnJ,LL2-4_000653-M-AX10-4.28571428571429-42654-4-S334,M,S334,10/11/16,LL2-4,1/11/17,33.4,14:40,1,NA --- Short whiskers --- NA --- NA --- NA,Y,Sean Deats,AX10,11/10/16,None,None,None,Albino,500-600,FALSE,COCAINE,20,NA,NA,PSY,NA,StrainSurvey,000653-M-AX10-4.28571428571429-42654-4-S334_S334_2017/01/11,MovieLink,TRUE,TRUE,TRUE,TRUE,TRUE,TRUE,3742.513162,2
LL2-B2B/2017-03-30_SPD/LL2-4_003715-M-F29-4.71428571428571-42756-8-S398.avi,PWK/PhJ,003715-M-F29-4.71428571428571-42756-8-S398,M,S398,1/21/17,LL2-4,3/30/17,20.6,0.52083333333333337 N,1,NA --- NA W,Y,Sean Deats,F29,2/23/17,TestingSheet,../../../../../kumarlab-new/Sean/Behavior/Locomotor/PostProcessing/./../../BAT/CC_TestingSheets/2017-03-30/CCF1_2017-03-30_T1_PostTest.xlsx,BAT Template,NA,500-600,TRUE,NA,NA,NA,NA,SIT,BAT day 1,CCF1,003715-M-F29-4.71428571428571-42756-8-S398_S398_2017/03/30,MovieLink,TRUE,TRUE,TRUE,TRUE,TRUE,TRUE,6546.448658,1
LL2-B2B/2017-08-08_SPD/LL2-4_002019-M-AX30-10.2857142857143-42864-5-S420.avi,NU/J,LL2-4_002019-M-AX30-10.2857142857143-42864-5-S420,M,S420,5/9/17,LL2-4,8/8/17,27.3,13:05,1,WHITE NOISE. 400 LUX --- NA --- NA --- NA --- NA --- NA --- NA W,Y,Sean Deats,AX30,7/20/17,None,None,None,Nude,350-400,TRUE,COCAINE,20,NA,NA,PSY,NA,StrainSurvey,002019-M-AX30-10.2857142857143-42864-5-S420_S420_2017/08/08,MovieLink,TRUE,TRUE,TRUE,TRUE,TRUE,TRUE,3923.659847,2
LL3-B2B/2016-01-12_BG/LL3-1_C3HeB.avi,C3HeB/FeJ,LL3-1_C3HeB,F,NA,11/10/15,LL3-1,1/12/16,21.2,10:50,1,Powered --- NA --- NA --- NA --- NA,Y,Brian Geuther,MP16,1/7/16,None,None,None,Agouti,500-600,FALSE,NA,0,NA,NA,OFA,NA,StrainSurvey,C3HeB_NA_2016/01/12,MovieLink,TRUE,TRUE,TRUE,TRUE,TRUE,TRUE,3561.724138,1
LL3-B2B/2016-02-01_BG/LL3-1_NZB_M.avi,NZB/BlNJ,LL3-1_NZB_M,M,NA,12/1/15,LL3-1,2/1/16,27.9,11:00,1,NA --- Weight Taken After --- NA --- NA --- NA,Y,Brian Geuther,MP16,1/28/16,None,None,None,Black,500-600,FALSE,NA,0,NA,NA,OFA,NA,StrainSurvey,NZB_M_NA_2016/02/01,MovieLink,TRUE,TRUE,TRUE,TRUE,TRUE,TRUE,3446.870968,1
LL3-B2B/2016-03-01_BG/LL3-1_BLKS_F.avi,C57BLKS/J,LL3-1_BLKS_F,F,NA,12/29/15,LL3-1,3/1/16,20.6,10:45,1,NA --- NA --- NA --- NA --- NA,Y,Brian Geuther,AX4,2/25/16,None,None,None,Black,500-600,FALSE,NA,0,NA,NA,OFA,NA,StrainSurvey,BLKS_F_NA_2016/03/01,MovieLink,TRUE,TRUE,TRUE,TRUE,TRUE,TRUE,3443.419355,1
LL3-B2B/2016-03-22_SPD/LL3-2_129X1_SvJ_F.avi,129X1/SvJ,LL3-2_129X1_SvJ_F,F,NA,1/19/16,LL3-2,3/22/16,19.9,12:35,1,Taken with VC++ Sentech --- Coat color White --- Ready to run at 11:55:00 AM but had technical issues. --- NA --- NA,Y,Sean Deats,MP16,3/17/16,None,None,None,Albino,500-600,FALSE,NA,0,NA,NA,OFA,NA,StrainSurvey,129X1_SvJ_F_NA_2016/03/22,MovieLink,TRUE,TRUE,TRUE,TRUE,TRUE,TRUE,3763.843042,1
LL3-B2B/2016-03-28_SPD/LL3-1_C3HHeO_F.avi,C3H/HeOuJ,LL3-1_C3HHeO_F,F,NA,1/26/16,LL3-1,3/28/16,23.9,10:25,1,Taken with VC++ Sentech --- NA --- NA --- NA --- NA,Y,Sean Deats,MP14,3/24/16,None,None,None,Agouti,500-600,FALSE,COCAINE,20,NA,NA,PSY,NA,StrainSurvey,C3HHeO_F_NA_2016/03/28,MovieLink,TRUE,TRUE,TRUE,TRUE,TRUE,TRUE,3914.945426,2
LL3-B2B/2016-04-12_SPD/LL3-2_100007-F-AX4-8-42402-10-S016.avi,CB6F1/J,LL3-2_100007-F-AX4-8-42402-10-S016,F,S016,2/2/16,LL3-2,4/12/16,20.5,10:15,1,Taken with VC++ Sentech --- NA --- NA --- NA --- NA,Y,Sean Deats,AX4,3/31/16,None,None,None,Agouti,500-600,FALSE,COCAINE,20,NA,NA,PSY,NA,StrainSurvey,100007-F-AX4-8-42402-10-S016_S016_2016/04/12,MovieLink,TRUE,TRUE,TRUE,TRUE,TRUE,TRUE,3855.297265,2
LL3-B2B/2016-04-12_SPD/LL3-3_000690-F-MP13-8-42402-1-S017.avi,129P3/J,LL3-3_000690-F-MP13-8-42402-1-S017,F,S017,2/2/16,LL3-3,4/12/16,18.6,10:15,1,Taken with VC++ Sentech --- NA --- NA --- NA --- NA,Y,Sean Deats,MP13,3/31/16,None,None,None,Albino,500-600,FALSE,COCAINE,20,NA,NA,PSY,NA,StrainSurvey,000690-F-MP13-8-42402-1-S017_S017_2016/04/12,MovieLink,TRUE,TRUE,TRUE,TRUE,TRUE,TRUE,3845.796345,2
LL3-B2B/2016-04-13_SPD/LL3-3_002423-M-AX1-8-42409-3-S025.avi,NON/ShiLtJ,LL3-3_002423-M-AX1-8-42409-3-S025,M,S025,2/9/16,LL3-3,4/13/16,31.7,10:05,1,Taken with VC++ Sentech --- NA --- NA --- NA --- NA,Y,Sean Deats,AX1,4/7/16,None,None,None,Albino,500-600,FALSE,COCAINE,20,NA,NA,PSY,NA,StrainSurvey,002423-M-AX1-8-42409-3-S025_S025_2016/04/13,MovieLink,TRUE,TRUE,TRUE,TRUE,TRUE,TRUE,3800.336644,2
LL3-B2B/2016-04-14_SPD/LL3-3_001800-F-MP16-8-42409-1-S038.avi,FVB/NJ,LL3-3_001800-F-MP16-8-42409-1-S038,F,S038,2/9/16,LL3-3,4/14/16,19.9,10:15,1,Taken with VC++ Sentech --- NA --- NA --- NA --- NA,Y,Sean Deats,MP16,4/7/16,None,None,None,Albino,500-600,FALSE,COCAINE,20,NA,NA,PSY,NA,StrainSurvey,001800-F-MP16-8-42409-1-S038_S038_2016/04/14,MovieLink,TRUE,TRUE,TRUE,TRUE,TRUE,TRUE,3866.685785,2
LL3-B2B/2016-04-18_SPD/LL3-1_002050-M-MP13-9-42409-5-S081.avi,NOR/LtJ,LL3-1_002050-M-MP13-9-42409-5-S081,M,S081,2/9/16,LL3-1,4/18/16,28.1,10:30,1,Taken with VC++ Sentech --- NA --- NA --- NA --- NA,Y,Sean Deats,MP13,4/14/16,None,None,None,Albino,500-600,FALSE,COCAINE,20,NA,NA,PSY,NA,StrainSurvey,002050-M-MP13-9-42409-5-S081_S081_2016/04/18,MovieLink,TRUE,TRUE,TRUE,TRUE,TRUE,TRUE,3915.260027,2
LL3-B2B/2016-04-28_SPD/LL3-2_002423-F-AX1-8-42423-1-S103.avi,NON/ShiLtJ,LL3-2_002423-F-AX1-8-42423-1-S103,F,S103,2/23/16,LL3-2,4/28/16,25.3,10:20,1,Taken with VC++ Sentech --- NA --- NA --- NA --- NA,Y,Sean Deats,AX1,4/21/16,None,None,None,Albino,500-600,FALSE,COCAINE,20,NA,NA,PSY,NA,StrainSurvey,002423-F-AX1-8-42423-1-S103_S103_2016/04/28,MovieLink,TRUE,TRUE,TRUE,TRUE,TRUE,TRUE,3819.873303,2
LL3-B2B/2016-05-02_SPD/LL3-2_100003-F-AX28-10-42409-10-S118.avi,CAF1/J,LL3-2_100003-F-AX28-10-42409-10-S118,F,S118,2/9/16,LL3-2,5/2/16,23.3,10:25,1,Taken with VC++ Sentech --- INJECTION @ 4000 SECS --- NA --- NA --- NA,Y,Sean Deats,AX28,4/21/16,None,None,None,Albino,500-600,FALSE,COCAINE,20,NA,NA,PSY,NA,StrainSurvey,100003-F-AX28-10-42409-10-S118_S118_2016/05/02,MovieLink,TRUE,TRUE,TRUE,TRUE,TRUE,TRUE,4022.28695,2
LL3-B2B/2016-05-10_SPD/LL3-2_000656-F-MP13-9-42430-10-S146.avi,CBA/J,LL3-2_000656-F-MP13-9-42430-10-S146,F,S146,3/1/16,LL3-2,5/10/16,22.2,10:35,1,Taken with VC++ Sentech --- NA --- NA --- NA --- NA,Y,Sean Deats,MP13,5/5/16,None,None,None,Agouti,500-600,FALSE,COCAINE,20,NA,NA,PSY,NA,StrainSurvey,000656-F-MP13-9-42430-10-S146_S146_2016/05/10,MovieLink,TRUE,TRUE,TRUE,TRUE,TRUE,TRUE,3851.238925,2
LL3-B2B/2016-05-10_SPD/LL3-3_000656-M-MP13-10-42423-1-S151.avi,CBA/J,LL3-3_000656-M-MP13-10-42423-1-S151,M,S151,2/23/16,LL3-3,5/10/16,28.4,10:35,1,Taken with VC++ Sentech --- NA --- NA --- NA --- NA,Y,Sean Deats,MP13,5/5/16,None,None,None,Agouti,500-600,FALSE,COCAINE,20,NA,NA,PSY,NA,StrainSurvey,000656-M-MP13-10-42423-1-S151_S151_2016/05/10,MovieLink,TRUE,TRUE,TRUE,TRUE,TRUE,TRUE,3851.176004,2
LL3-B2B/2016-12-28_SPD/LL3-1_000653-F-AX10-4.28571428571429-42654-2-S335.avi,BUB/BnJ,LL3-1_000653-F-AX10-4.28571428571429-42654-2-S335,F,S335,10/11/16,LL3-1,12/28/16,24.6,14:35,1,NA --- NA --- NA --- NA --- NA,Y,Sean Deats,AX10,11/10/16,None,None,None,Albino,500-600,FALSE,COCAINE,20,NA,NA,PSY,NA,StrainSurvey,000653-F-AX10-4.28571428571429-42654-2-S335_S335_2016/12/28,MovieLink,TRUE,TRUE,TRUE,TRUE,TRUE,TRUE,3748.364722,2
LL3-B2B/2017-01-04_SPD/LL3-4_001144-F-F29-4-42661-4-S343.avi,CZECHII/EiJ,LL3-4_001144-F-F29-4-42661-4-S343,F,S343,10/18/16,LL3-4,1/4/17,11,13:55,1,NA --- WILD. --- NA --- NA --- NA,Y,Sean Deats,F29,11/15/16,None,None,None,Agouti,500-600,FALSE,COCAINE,20,NA,NA,PSY,NA,StrainSurvey,001144-F-F29-4-42661-4-S343_S343_2017/01/04,MovieLink,TRUE,TRUE,TRUE,TRUE,TRUE,TRUE,3760.476822,2
LL3-B2B/2017-01-11_SPD/LL3-2_001144-M-F29-4-42661-2-S342.avi,CZECHII/EiJ,LL3-2_001144-M-F29-4-42661-2-S342,M,S342,10/18/16,LL3-2,1/11/17,17.3,14:40,1,NA --- WILD --- NA --- NA --- NA,Y,Sean Deats,F29,11/15/16,None,None,None,Agouti,500-600,FALSE,COCAINE,20,NA,NA,PSY,NA,StrainSurvey,001144-M-F29-4-42661-2-S342_S342_2017/01/11,MovieLink,TRUE,TRUE,TRUE,TRUE,TRUE,TRUE,3718.509181,2
LL3-B2B/2017-06-30_SPD/LL3-1_000689-F-AX5-10.2857142857143-42836-5-S415.avi,SWR/J,LL3-1_000689-F-AX5-10.2857142857143-42836-5-S415,F,S415,4/11/17,LL3-1,6/30/17,NA,NA,1,NA --- NA --- NA --- NA --- NA --- NA --- NA N,Y,Sean Deats,AX5,6/22/17,None,None,None,Albino,500-600,FALSE,NA,NA,NA,NA,OFA,NA,StrainSurvey,000689-F-AX5-10.2857142857143-42836-5-S415_S415_2017/06/30,MovieLink,TRUE,TRUE,TRUE,TRUE,TRUE,TRUE,3806.785944,2
LL3-B2B/2017-06-30_SPD/LL3-2_000689-M-AX5-8.28571428571429-42850-1-S416.avi,SWR/J,LL3-2_000689-M-AX5-8.28571428571429-42850-1-S416,M,S416,4/25/17,LL3-2,6/30/17,NA,NA,1,NA --- NA --- NA --- NA --- NA --- NA --- NA N,Y,Sean Deats,AX5,6/22/17,None,None,None,Albino,500-600,FALSE,NA,NA,NA,NA,OFA,NA,StrainSurvey,000689-M-AX5-8.28571428571429-42850-1-S416_S416_2017/06/30,MovieLink,TRUE,TRUE,TRUE,TRUE,TRUE,TRUE,3810.718444,2
LL3-B2B/2017-08-08_SPD/LL3-1_002019-F-AX30-8.28571428571429-42878-1-S421.avi,NU/J,LL3-1_002019-F-AX30-8.28571428571429-42878-1-S421,F,S421,5/23/17,LL3-1,8/8/17,26.5,13:05,1,WHITE NOISE. 400 LUX --- NA --- NA --- NA --- NA --- NA --- NA W,Y,Sean Deats,AX30,7/20/17,None,None,None,Nude,350-400,TRUE,COCAINE,20,NA,NA,PSY,NA,StrainSurvey,002019-F-AX30-8.28571428571429-42878-1-S421_S421_2017/08/08,MovieLink,TRUE,TRUE,TRUE,TRUE,TRUE,TRUE,3907.804006,2
LL4-B2B/2015-12-07_BG/LL4-4_DBA1J.avi,DBA/1J,LL4-4_DBA1J,F,NA,10/6/15,LL4-4,12/7/15,17.4,11:00,1,Powered --- NA --- NA --- NA --- NA,Y,Brian Geuther,MP24,12/3/15,None,None,None,Gray,500-600,FALSE,NA,0,NA,NA,OFA,NA,StrainSurvey,DBA1J_NA_2015/12/07,MovieLink,TRUE,TRUE,TRUE,TRUE,TRUE,TRUE,3559.592926,1
LL4-B2B/2016-02-09_BG/LL4-4_CBA_M.avi,CBA/CaJ,LL4-4_CBA_M,M,NA,12/8/15,LL4-4,2/9/16,26.5,10:30,1,NA --- NA --- NA --- NA --- NA,Y,Brian Geuther,MP13,2/4/16,None,None,None,Agouti,500-600,FALSE,NA,0,NA,NA,OFA,NA,StrainSurvey,CBA_M_NA_2016/02/09,MovieLink,TRUE,TRUE,TRUE,TRUE,TRUE,TRUE,3561.966667,1
LL4-B2B/2016-02-16_BG/LL4-4_BALBcByJ_F.avi,BALB/cByJ,LL4-4_BALBcByJ_F,F,NA,12/15/15,LL4-4,2/16/16,22,10:40,1,NA --- NA --- NA --- NA --- NA,Y,Brian Geuther,MP14,2/11/16,None,None,None,Albino,500-600,FALSE,NA,0,NA,NA,OFA,NA,StrainSurvey,BALBcByJ_F_NA_2016/02/16,MovieLink,TRUE,TRUE,TRUE,TRUE,TRUE,TRUE,3555.8,1
LL4-B2B/2016-03-29_SPD/LL4-1_CB6F1_M.avi,CB6F1/J,LL4-1_CB6F1_M,M,NA,1/26/16,LL4-1,3/29/16,30.6,10:25,1,Taken with VC++ Sentech --- Fought capture and restraint --- NA --- NA --- NA,Y,Sean Deats,AX4,3/24/16,None,None,None,Agouti,500-600,FALSE,COCAINE,20,NA,NA,PSY,NA,StrainSurvey,CB6F1_M_NA_2016/03/29,MovieLink,TRUE,TRUE,TRUE,TRUE,TRUE,TRUE,4011.684929,2
LL4-B2B/2016-04-07_SPD/LL4-4_100010-M-AX28-8-42402-8.avi,B6C3F1/J,LL4-4_100010-M-AX28-8-42402-8,M,NA,2/2/16,LL4-4,4/7/16,30.4,10:20,1,Taken with VC++ Sentech --- Injection @ 3900 seconds remaining --- NA --- NA --- NA,Y,Sean Deats,AX28,3/31/16,None,None,None,Agouti,500-600,FALSE,COCAINE,20,NA,NA,PSY,NA,StrainSurvey,100010-M-AX28-8-42402-8_NA_2016/04/07,MovieLink,TRUE,TRUE,TRUE,TRUE,TRUE,TRUE,4173.326413,2
LL4-B2B/2016-04-08_SPD/LL4-1_100010-F-AX27-8-42402-5.avi,B6C3F1/J,LL4-1_100010-F-AX27-8-42402-5,F,NA,2/2/16,LL4-1,4/8/16,20.3,10:30,1,"Taken with VC++ Sentech --- Bled after injection. Looks like hit bladder. PUDDLE OF BLOOD OBSERVED AT 2hr,15 min INTO VIDEO. OK TO USE. --- NA --- NA --- NA",Y,Sean Deats,AX27,3/31/16,None,None,None,Agouti,500-600,FALSE,COCAINE,20,NA,NA,PSY,NA,StrainSurvey,100010-F-AX27-8-42402-5_NA_2016/04/08,MovieLink,TRUE,TRUE,TRUE,TRUE,TRUE,TRUE,3872.820485,2
LL4-B2B/2016-04-20_SPD/LL4-1_000670-M-AX27-10-42402-5-S077.avi,DBA/1J,LL4-1_000670-M-AX27-10-42402-5-S077,M,S077,2/2/16,LL4-1,4/20/16,23.4,10:40,1,Taken with VC++ Sentech --- NA --- NA --- NA --- NA,Y,Sean Deats,AX27,4/14/16,None,None,None,Gray,500-600,FALSE,COCAINE,20,NA,NA,PSY,NA,StrainSurvey,000670-M-AX27-10-42402-5-S077_S077_2016/04/20,MovieLink,TRUE,TRUE,TRUE,TRUE,TRUE,TRUE,3923.093567,2
LL4-B2B/2016-04-21_SPD/LL4-3_100006-M-AX28-10-42402-5-S089.avi,B6D2F1/J,LL4-3_100006-M-AX28-10-42402-5-S089,M,S089,2/2/16,LL4-3,4/21/16,32.9,10:30,1,Taken with VC++ Sentech --- NA --- NA --- NA --- NA,Y,Sean Deats,AX28,4/14/16,None,None,None,NA,500-600,FALSE,COCAINE,20,NA,NA,PSY,NA,StrainSurvey,100006-M-AX28-10-42402-5-S089_S089_2016/04/21,MovieLink,TRUE,TRUE,TRUE,TRUE,TRUE,TRUE,3920.073407,2
LL4-B2B/2016-04-29_SPD/LL4-2_100011-M-AX27-10-42409-10-S114.avi,B6CBAF1/J,LL4-2_100011-M-AX27-10-42409-10-S114,M,S114,2/9/16,LL4-2,4/29/16,31.1,10:30,1,Taken with VC++ Sentech --- NA --- Cage changing and room cleaning before test --- NA --- NA,Y,Sean Deats,AX27,4/21/16,None,None,None,Agouti,500-600,FALSE,COCAINE,20,NA,NA,PSY,NA,StrainSurvey,100011-M-AX27-10-42409-10-S114_S114_2016/04/29,MovieLink,TRUE,TRUE,TRUE,TRUE,TRUE,TRUE,3988.089928,2
LL4-B2B/2016-05-03_SPD/LL4-1_100011-F-AX27-9-42423-3-S139.avi,B6CBAF1/J,LL4-1_100011-F-AX27-9-42423-3-S139,F,S139,2/23/16,LL4-1,5/3/16,21.8,12:10,1,"Taken with VC++ Sentech --- Bled after injection. SMALL PUDDLE OF BLOOD OBSERVED AT 2 HR, 8 MIN INTO VIDEO. OK TO USE. --- NA --- NA --- NA",Y,Sean Deats,AX27,4/28/16,None,None,None,Agouti,500-600,FALSE,COCAINE,20,NA,NA,PSY,NA,StrainSurvey,100011-F-AX27-9-42423-3-S139_S139_2016/05/03,MovieLink,TRUE,TRUE,TRUE,TRUE,TRUE,TRUE,3835.823524,2
LL4-B2B/2016-05-04_SPD/LL4-3_005314-F-AX5-9-42423-5-S137.avi,TALLYHO/JngJ,LL4-3_005314-F-AX5-9-42423-5-S137,F,S137,2/23/16,LL4-3,5/4/16,36,10:30,1,Taken with VC++ Sentech --- NA --- NA --- NA --- NA,Y,Sean Deats,AX5,4/28/16,None,None,None,Albino,500-600,FALSE,COCAINE,20,NA,NA,PSY,NA,StrainSurvey,005314-F-AX5-9-42423-5-S137_S137_2016/05/04,MovieLink,TRUE,TRUE,TRUE,TRUE,TRUE,TRUE,3846.457005,2
LL4-B2B/2016-05-17_SPD/LL4-4_001058-M-MP16-8-42444-8-S194.avi,NZW/LacJ,LL4-4_001058-M-MP16-8-42444-8-S194,M,S194,3/15/16,LL4-4,5/17/16,31.2,10:35,1,Taken with VC++ Sentech --- Fighting in cage --- NA --- NA --- NA,Y,Sean Deats,MP16,5/12/16,None,None,None,White,500-600,FALSE,COCAINE,20,NA,NA,PSY,NA,StrainSurvey,001058-M-MP16-8-42444-8-S194_S194_2016/05/17,MovieLink,TRUE,TRUE,TRUE,TRUE,TRUE,TRUE,3910.320806,2
LL4-B2B/2016-06-09_SPD/LL4-1_000654-F-MP13-10-42444-3-S237.avi,CBA/CaJ,LL4-1_000654-F-MP13-10-42444-3-S237,F,S237,3/15/16,LL4-1,6/9/16,24.3,10:25,1,Taken with VC++ Sentech --- Trying to jump out during weighing. Very active. --- NA --- NA --- NA,Y,Sean Deats,MP13,5/26/16,None,None,None,Agouti,500-600,FALSE,COCAINE,20,NA,NA,PSY,NA,StrainSurvey,000654-F-MP13-10-42444-3-S237_S237_2016/06/09,MovieLink,TRUE,TRUE,TRUE,TRUE,TRUE,TRUE,3822.956384,2
LL4-B2B/2016-07-01_SPD/LL4-2_100008-F-MP16-14-42437-10-S252.avi,NZBWF1/J,LL4-2_100008-F-MP16-14-42437-10-S252,F,S252,3/8/16,LL4-2,7/1/16,41.1,10:20,1,Taken with VC++ Sentech --- Memory very low on LL3 internal Drive --- NA --- NA --- NA,Y,Sean Deats,MP16,6/16/16,None,None,None,Agouti,500-600,FALSE,COCAINE,20,NA,NA,PSY,NA,StrainSurvey,100008-F-MP16-14-42437-10-S252_S252_2016/07/01,MovieLink,TRUE,TRUE,TRUE,TRUE,TRUE,TRUE,3836.861704,2
LL4-B2B/2016-12-27_SPD/LL4-1_000687-M-AX11-6.42857142857143-42639-5-S337.avi,SM/J,LL4-1_000687-M-AX11-6.42857142857143-42639-5-S337,M,S337,9/26/16,LL4-1,12/27/16,21.9,13:45,1,NA --- Active. Eager to escape. --- NA --- NA --- NA,Y,Sean Deats,AX11,11/10/16,None,None,None,Black,500-600,FALSE,COCAINE,20,NA,NA,PSY,NA,StrainSurvey,000687-M-AX11-6.42857142857143-42639-5-S337_S337_2016/12/27,MovieLink,TRUE,TRUE,TRUE,TRUE,TRUE,TRUE,3718.257501,2
LL4-B2B/2016-12-27_SPD/LL4-4_000675-M-F29-3.57142857142857-42659-3-S338.avi,LG/J,LL4-4_000675-M-F29-3.57142857142857-42659-3-S338,M,S338,10/16/16,LL4-4,12/27/16,36.5,13:45,1,NA --- Active. Eager to escape. --- NA --- NA --- NA,Y,Sean Deats,F29,11/10/16,None,None,None,Albino,500-600,FALSE,COCAINE,20,NA,NA,PSY,NA,StrainSurvey,000675-M-F29-3.57142857142857-42659-3-S338_S338_2016/12/27,MovieLink,TRUE,TRUE,TRUE,TRUE,TRUE,TRUE,3766.831743,2
LL4-B2B/2016-12-28_SPD/LL4-1_000675-F-F29-3.57142857142857-42659-2-S339.avi,LG/J,LL4-1_000675-F-F29-3.57142857142857-42659-2-S339,F,S339,10/16/16,LL4-1,12/28/16,32.4,14:35,1,NA --- Active and eager to escape. --- NA --- NA --- NA,Y,Sean Deats,F29,11/10/16,None,None,None,Albino,500-600,FALSE,COCAINE,20,NA,NA,PSY,NA,StrainSurvey,000675-F-F29-3.57142857142857-42659-2-S339_S339_2016/12/28,MovieLink,TRUE,TRUE,TRUE,TRUE,TRUE,TRUE,3770.921542,2
LL4-B2B/2016-12-28_SPD/LL4-4_000687-F-AX11-5.57142857142857-42645-1-S340.avi,SM/J,LL4-4_000687-F-AX11-5.57142857142857-42645-1-S340,F,S340,10/2/16,LL4-4,12/28/16,18.4,14:35,1,NA --- Active and eager to escape. --- NA --- NA --- NA,Y,Sean Deats,AX11,11/10/16,None,None,None,Agouti,500-600,FALSE,COCAINE,20,NA,NA,PSY,NA,StrainSurvey,000687-F-AX11-5.57142857142857-42645-1-S340_S340_2016/12/28,MovieLink,TRUE,TRUE,TRUE,TRUE,TRUE,TRUE,3814.336343,2
LL4-B2B/2017-01-12_SPD/LL4-4_000677-M-F29-5.14285714285714-42682-4-S374.avi,MA/MyJ,LL4-4_000677-M-F29-5.14285714285714-42682-4-S374,M,S374,11/8/16,LL4-4,1/12/17,25.7,13:35,1,NA --- NA --- NA --- NA --- NA,Y,Sean Deats,F29,12/14/16,None,None,None,Albino,500-600,FALSE,COCAINE,20,NA,NA,PSY,NA,StrainSurvey,000677-M-F29-5.14285714285714-42682-4-S374_S374_2017/01/12,MovieLink,TRUE,TRUE,TRUE,TRUE,TRUE,TRUE,3834.911185,2
LL4-B2B/2017-02-22_SPD/LL4-2_000674-F-AX18-4.42857142857143-42730-8-S394.avi,I/LnJ,LL4-2_000674-F-AX18-4.42857142857143-42730-8-S394,F,S394,12/26/16,LL4-2,2/22/17,19.3,14:00,1,NA --- WHITE NOISE @ 75 dba --- NA --- NA --- NA --- NA --- NA N,Y,Sean Deats,AX18,1/26/17,None,None,None,NA,500-600,TRUE,COCAINE,20,NA,NA,PSY,NA,StrainSurvey,000674-F-AX18-4.42857142857143-42730-8-S394_S394_2017/02/22,MovieLink,TRUE,TRUE,TRUE,TRUE,TRUE,TRUE,3826.102384,2
LL4-B2B/2017-02-22_SPD/LL4-3_000674-M-AX18-4.71428571428571-42728-1-S395.avi,I/LnJ,LL4-3_000674-M-AX18-4.71428571428571-42728-1-S395,M,S395,12/24/16,LL4-3,2/22/17,12,14:00,1,NA --- WHITE NOISE @ 75 dba --- NA --- NA --- NA --- NA --- NA N,Y,Sean Deats,AX18,1/26/17,None,None,None,NA,500-600,TRUE,COCAINE,20,NA,NA,PSY,NA,StrainSurvey,000674-M-AX18-4.71428571428571-42728-1-S395_S395_2017/02/22,MovieLink,TRUE,TRUE,TRUE,TRUE,TRUE,TRUE,3813.738604,2
LL4-B2B/2017-05-03_SPD/LL4-4_000669-M-AX10-5.28571428571429-42794-2-S403.avi,C58/J,LL4-4_000669-M-AX10-5.28571428571429-42794-2-S403,M,S403,2/28/17,LL4-4,5/3/17,19.3,14:30,1,NA --- Climbing walls of cage. --- NA --- NA --- NA,Y,Sean Deats,AX10,4/6/17,None,None,None,NA,500-600,FALSE,COCAINE,20,NA,NA,PSY,NA,StrainSurvey,000669-M-AX10-5.28571428571429-42794-2-S403_S403_2017/05/03,MovieLink,TRUE,TRUE,TRUE,TRUE,TRUE,TRUE,3788.948123,2
LL5-B2B/2015-11-09_BG/LL5-1_TALLYHOJngJ.avi,TALLYHO/JngJ,LL5-1_TALLYHOJngJ,M,NA,9/8/15,LL5-1,11/9/15,34.8,11:10,1,Unpowered --- SS Internal --- NA --- NA --- NA,Y,Brian Geuther,AX5,11/5/15,None,None,None,Albino,500-600,FALSE,NA,0,NA,NA,OFA,NA,StrainSurvey,TALLYHOJngJ_NA_2015/11/09,MovieLink,TRUE,TRUE,TRUE,TRUE,TRUE,TRUE,3690.857524,1
LL5-B2B/2015-12-21_BG/LL5-4_C3H.avi,C3H/HeJ,LL5-4_C3H,M,NA,10/20/15,LL5-4,12/21/15,25.7,10:55,1,Powered --- 9fps --- 3200s are okay --- Next to dropped cage Friday Before --- NA,Y,Brian Geuther,MP14,12/17/15,None,None,None,Agouti,500-600,FALSE,NA,0,NA,NA,OFA,NA,StrainSurvey,C3H_NA_2015/12/21,MovieLink,TRUE,TRUE,TRUE,TRUE,TRUE,TRUE,3329.3,1
LL5-B2B/2016-01-25_BG/LL5-1_NZW.avi,NZW/LacJ,LL5-1_NZW,F,NA,11/24/15,LL5-1,1/25/16,NA,11:05,1,NA --- NA --- NA --- NA --- NA,Y,Brian Geuther,MP16,1/21/16,None,None,None,Albino,500-600,FALSE,NA,0,NA,NA,OFA,NA,StrainSurvey,NZW_NA_2016/01/25,MovieLink,TRUE,TRUE,TRUE,TRUE,TRUE,TRUE,3555.033333,1
LL5-B2B/2016-02-15_BG/LL5-4_PL_F.avi,PL/J,LL5-4_PL_F,F,NA,12/8/15,LL5-4,2/15/16,18,10:45,1,NA --- Kinks in tail --- Lots of circling --- NA --- NA,Y,Brian Geuther,AX29,2/11/16,None,None,None,Albino,500-600,FALSE,NA,0,NA,NA,OFA,NA,StrainSurvey,PL_F_NA_2016/02/15,MovieLink,TRUE,TRUE,TRUE,TRUE,TRUE,TRUE,3555.8,1
LL5-B2B/2016-02-16_BG/LL5-1_BALBcByJ_M.avi,BALB/cByJ,LL5-1_BALBcByJ_M,M,NA,12/15/15,LL5-1,2/16/16,29.2,10:45,1,Taken with VC++ Sentech --- Visual Frame Jumps while previewing --- Closed Preview about 3 minutes in --- Darker Video --- NA,Y,Brian Geuther,AX8,2/11/16,None,None,None,Albino,500-600,FALSE,NA,0,NA,NA,OFA,NA,StrainSurvey,BALBcByJ_M_NA_2016/02/16,MovieLink,TRUE,TRUE,TRUE,TRUE,TRUE,TRUE,3370.970551,1
LL5-B2B/2016-04-04_SPD/LL5-4_AKR_F.avi,AKR/J,LL5-4_AKR_F,F,NA,1/26/16,LL5-4,4/4/16,25.1,10:15,1,Taken with VC++ Sentech --- NA --- NA --- NA --- NA,Y,Sean Deats,MP16,3/31/16,None,None,None,Albino,500-600,FALSE,COCAINE,20,NA,NA,PSY,NA,StrainSurvey,AKR_F_NA_2016/04/04,MovieLink,TRUE,TRUE,TRUE,TRUE,TRUE,TRUE,3821.068784,2
LL5-B2B/2016-04-05_SPD/LL5-4_MRLMp_M.avi,MRL/MpJ,LL5-4_MRLMp_M,M,NA,1/26/16,LL5-4,4/5/16,43.1,10:15,1,Taken with VC++ Sentech --- NA --- NA --- NA --- NA,Y,Sean Deats,AX28,3/31/16,None,None,None,Albino,500-600,FALSE,COCAINE,20,NA,NA,PSY,NA,StrainSurvey,MRLMp_M_NA_2016/04/05,MovieLink,TRUE,TRUE,TRUE,TRUE,TRUE,TRUE,3912.806146,2
LL5-B2B/2016-04-06_SPD/LL5-1_B10Sn_F.avi,C57BL/10SnJ,LL5-1_B10Sn_F,F,NA,1/26/16,LL5-1,4/6/16,22.7,10:10,1,Taken with VC++ Sentech --- Injection @ 3000 seconds remaining --- NA --- NA --- NA,Y,Sean Deats,AX5,3/31/16,None,None,None,Black,500-600,FALSE,COCAINE,20,NA,NA,PSY,NA,StrainSurvey,B10Sn_F_NA_2016/04/06,MovieLink,TRUE,TRUE,TRUE,TRUE,TRUE,TRUE,5047.694217,2
LL5-B2B/2016-04-06_SPD/LL5-3_B10Sn_M.avi,C57BL/10SnJ,LL5-3_B10Sn_M,M,NA,1/26/16,LL5-3,4/6/16,29.1,10:15,1,Taken with VC++ Sentech --- Injection @ 3000 seconds remaining --- NA --- NA --- NA,Y,Sean Deats,AX5,3/31/16,None,None,None,Black,500-600,FALSE,COCAINE,20,NA,NA,PSY,NA,StrainSurvey,B10Sn_M_NA_2016/04/06,MovieLink,TRUE,TRUE,TRUE,TRUE,TRUE,TRUE,5061.914138,2
LL5-B2B/2016-04-12_SPD/LL5-4_100002-F-AX1-8-42402-3-S019.avi,B6AF1/J,LL5-4_100002-F-AX1-8-42402-3-S019,F,S019,2/2/16,LL5-4,4/12/16,18.7,10:15,1,"Taken with VC++ Sentech --- Bled after injection. Looks like hit bladder. PUDDLE OF BLOOD OBSERVED AT 2hr,3 min INTO VIDEO. OK TO USE. --- NA --- NA --- NA",Y,Sean Deats,AX1,3/31/16,None,None,None,Black,500-600,FALSE,COCAINE,20,NA,NA,PSY,NA,StrainSurvey,100002-F-AX1-8-42402-3-S019_S019_2016/04/12,MovieLink,TRUE,TRUE,TRUE,TRUE,TRUE,TRUE,3861.337585,2
LL5-B2B/2016-04-13_SPD/LL5-3_001976-M-AX5-8-42409-8-S022.avi,NOD/ShiLtJ,LL5-3_001976-M-AX5-8-42409-8-S022,M,S022,2/9/16,LL5-3,4/13/16,21.1,10:10,1,Taken with VC++ Sentech --- NA --- NA --- NA --- NA,Y,Sean Deats,AX5,4/7/16,None,None,None,Albino,500-600,FALSE,COCAINE,20,NA,NA,PSY,NA,StrainSurvey,001976-M-AX5-8-42409-8-S022_S022_2016/04/13,MovieLink,TRUE,TRUE,TRUE,TRUE,TRUE,TRUE,3812.700424,2
LL5-B2B/2016-04-14_SPD/LL5-4_100006-F-AX28-10-42395-1-S036.avi,B6D2F1/J,LL5-4_100006-F-AX28-10-42395-1-S036,F,S036,1/26/16,LL5-4,4/14/16,21.8,10:15,1,Taken with VC++ Sentech --- Whiskers extremely short --- NA --- NA --- NA,Y,Sean Deats,AX28,4/7/16,None,None,None,Black,500-600,FALSE,COCAINE,20,NA,NA,PSY,NA,StrainSurvey,100006-F-AX28-10-42395-1-S036_S036_2016/04/14,MovieLink,TRUE,TRUE,TRUE,TRUE,TRUE,TRUE,3874.896845,2
LL5-B2B/2016-04-18_SPD/LL5-1_000486-F-AX28-10-42402-8-S075.avi,MRL/MpJ,LL5-1_000486-F-AX28-10-42402-8-S075,F,S075,2/2/16,LL5-1,4/18/16,37.2,10:30,1,Taken with VC++ Sentech --- NA --- NA --- NA --- NA,Y,Sean Deats,AX28,4/14/16,None,None,None,Albino,500-600,FALSE,COCAINE,20,NA,NA,PSY,NA,StrainSurvey,000486-F-AX28-10-42402-8-S075_S075_2016/04/18,MovieLink,TRUE,TRUE,TRUE,TRUE,TRUE,TRUE,3907.898387,2
LL5-B2B/2016-04-18_SPD/LL5-4_002050-F-MP13-8-42416-1-S084.avi,NOR/LtJ,LL5-4_002050-F-MP13-8-42416-1-S084,F,S084,2/16/16,LL5-4,4/18/16,20.8,10:35,1,Taken with VC++ Sentech --- NA --- NA --- NA --- NA,Y,Sean Deats,MP13,4/14/16,None,None,None,Albino,500-600,FALSE,COCAINE,20,NA,NA,PSY,NA,StrainSurvey,002050-F-MP13-8-42416-1-S084_S084_2016/04/18,MovieLink,TRUE,TRUE,TRUE,TRUE,TRUE,TRUE,3926.617087,2
LL5-B2B/2016-04-25_SPD/LL5-1_100008-M-MP16-10-42409-2-S125.avi,NZBWF1/J,LL5-1_100008-M-MP16-10-42409-2-S125,M,S125,2/9/16,LL5-1,4/25/16,36.5,10:20,1,Taken with VC++ Sentech --- NA --- NA --- NA --- NA,Y,Sean Deats,MP16,4/21/16,None,None,None,Agouti,500-600,FALSE,COCAINE,20,NA,NA,PSY,NA,StrainSurvey,100008-M-MP16-10-42409-2-S125_S125_2016/04/25,MovieLink,TRUE,TRUE,TRUE,TRUE,TRUE,TRUE,3888.267346,2
LL5-B2B/2016-05-02_SPD/LL5-4_000686-F-MP16-8-42430-10-S132.avi,SJL/J,LL5-4_000686-F-MP16-8-42430-10-S132,F,S132,3/1/16,LL5-4,5/2/16,18.7,10:25,1,Taken with VC++ Sentech --- INJECTION @ 4000 SECS --- NA --- NA --- NA,Y,Sean Deats,MP16,4/28/16,None,None,None,Albino,500-600,FALSE,COCAINE,20,NA,NA,PSY,NA,StrainSurvey,000686-F-MP16-8-42430-10-S132_S132_2016/05/02,MovieLink,TRUE,TRUE,TRUE,TRUE,TRUE,TRUE,4062.083851,2
LL5-B2B/2016-05-05_SPD/LL5-1_100492-F-AX27-8-42423-8-S122.avi,B6129PF1/J,LL5-1_100492-F-AX27-8-42423-8-S122,F,S122,2/23/16,LL5-1,5/5/16,23.9,14:25,1,Taken with VC++ Sentech --- NA --- NA --- NA --- NA,Y,Sean Deats,AX27,4/21/16,None,None,None,Agouti,500-600,FALSE,COCAINE,20,NA,NA,PSY,NA,StrainSurvey,100492-F-AX27-8-42423-8-S122_S122_2016/05/05,MovieLink,TRUE,TRUE,TRUE,TRUE,TRUE,TRUE,3948.639087,2
LL5-B2B/2016-05-19_SPD/LL5-4_101043-F-AX4-12-42409-10-S160.avi,B6129SF1/J,LL5-4_101043-F-AX4-12-42409-10-S160,F,S160,2/9/16,LL5-4,5/19/16,21.2,NA,1,Taken with VC++ Sentech --- NA --- NA --- NA --- NA,Y,Sean Deats,AX4,5/5/16,None,None,None,Agouti,500-600,FALSE,COCAINE,20,NA,NA,PSY,NA,StrainSurvey,101043-F-AX4-12-42409-10-S160_S160_2016/05/19,MovieLink,TRUE,TRUE,TRUE,TRUE,TRUE,TRUE,4048.524591,2
LL5-B2B/2016-05-24_SPD/LL5-1_001976-F-AX5-8-42451-1-S228.avi,NOD/ShiLtJ,LL5-1_001976-F-AX5-8-42451-1-S228,F,S228,3/22/16,LL5-1,5/24/16,18.4,10:25,1,Taken with VC++ Sentech --- NA --- NA --- NA --- NA,Y,Sean Deats,AX5,5/19/16,None,None,None,Albino,500-600,FALSE,COCAINE,20,NA,NA,PSY,NA,StrainSurvey,001976-F-AX5-8-42451-1-S228_S228_2016/05/24,MovieLink,TRUE,TRUE,TRUE,TRUE,TRUE,TRUE,3820.848564,2
LL5-B2B/2016-06-06_SPD/LL5-1_101043-M-MP14-15-42409-3-S242.avi,B6129SF1/J,LL5-1_101043-M-MP14-15-42409-3-S242,M,S242,2/9/16,LL5-1,6/6/16,33.3,15:00,1,Taken with VC++ Sentech --- Tails collected --- NA --- NA --- NA,Y,Sean Deats,MP14,5/26/16,None,None,None,Agouti,500-600,FALSE,COCAINE,20,NA,NA,PSY,NA,StrainSurvey,101043-M-MP14-15-42409-3-S242_S242_2016/06/06,MovieLink,TRUE,TRUE,TRUE,TRUE,TRUE,TRUE,3816.098104,2
LL5-B2B/2016-07-01_SPD/LL5-3_000671-F-MP14-12-42451-5-S253.avi,DBA/2J,LL5-3_000671-F-MP14-12-42451-5-S253,F,S253,3/22/16,LL5-3,7/1/16,24.2,10:20,1,Taken with VC++ Sentech --- NA --- NA --- NA --- NA,Y,Sean Deats,MP14,6/16/16,None,None,None,Gray,500-600,FALSE,COCAINE,20,NA,NA,PSY,NA,StrainSurvey,000671-F-MP14-12-42451-5-S253_S253_2016/07/01,MovieLink,TRUE,TRUE,TRUE,TRUE,TRUE,TRUE,3889.525746,2
LL5-B2B/2016-07-01_SPD/LL5-4_000671-M-MP14-12-42451-6-S254.avi,DBA/2J,LL5-4_000671-M-MP14-12-42451-6-S254,M,S254,3/22/16,LL5-4,7/1/16,29.5,10:20,1,Taken with VC++ Sentech --- NA --- NA --- NA --- NA,Y,Sean Deats,MP14,6/16/16,None,None,None,Gray,500-600,FALSE,COCAINE,20,NA,NA,PSY,NA,StrainSurvey,000671-M-MP14-12-42451-6-S254_S254_2016/07/01,MovieLink,TRUE,TRUE,TRUE,TRUE,TRUE,TRUE,3897.957027,2
LL5-B2B/2017-01-04_SPD/LL5-4_000550-F-AX11-7.57142857142857-42650-4-S364.avi,MOLF/EiJ,LL5-4_000550-F-AX11-7.57142857142857-42650-4-S364,F,S364,10/7/16,LL5-4,1/4/17,13.3,13:55,1,NA --- WILD. --- NA --- NA --- NA,Y,Sean Deats,AX11,11/29/16,None,None,None,Agouti,500-600,FALSE,COCAINE,20,NA,NA,PSY,NA,StrainSurvey,000550-F-AX11-7.57142857142857-42650-4-S364_S364_2017/01/04,MovieLink,TRUE,TRUE,TRUE,TRUE,TRUE,TRUE,3794.264863,2
LL5-B2B/2017-01-11_SPD/LL5-1_000550-M-AX11-5.14285714285714-42667-1-S367.avi,MOLF/EiJ,LL5-1_000550-M-AX11-5.14285714285714-42667-1-S367,M,S367,10/24/16,LL5-1,1/11/17,14.5,14:40,1,NA --- WILD. EP 1L --- NA --- NA --- NA,Y,Sean Deats,AX11,11/29/16,None,None,None,Agouti,500-600,FALSE,COCAINE,20,NA,NA,PSY,NA,StrainSurvey,000550-M-AX11-5.14285714285714-42667-1-S367_S367_2017/01/11,MovieLink,TRUE,TRUE,TRUE,TRUE,TRUE,TRUE,3754.971322,2
LL5-B2B/2017-01-12_SPD/LL5-1_000677-F-F29-5.14285714285714-42682-1-S376.avi,MA/MyJ,LL5-1_000677-F-F29-5.14285714285714-42682-1-S376,F,S376,11/8/16,LL5-1,1/12/17,18.4,13:35,1,NA --- TAKE tt --- NA --- NA --- NA,Y,Sean Deats,F29,12/14/16,None,None,None,Albino,500-600,FALSE,COCAINE,20,NA,NA,PSY,NA,StrainSurvey,000677-F-F29-5.14285714285714-42682-1-S376_S376_2017/01/12,MovieLink,TRUE,TRUE,TRUE,TRUE,TRUE,TRUE,3805.496084,2
LL5-B2B/2017-01-21_SPD/LL5-4_001145-M-AX10-3.42857142857143-42689-8-S368.avi,WSB/EiJ,001145-M-AX10-3.42857142857143-42689-8-S368,M,S368,11/15/16,LL5-4,1/21/17,15.7,0.53472222222222221 N,1,EP after first test. Not aggressive but do bite. White patch on head and belly. --- WHITE NOISE. D,Y,Sean Deats,AX10,12/9/16,TestingSheet,../../../../../kumarlab-new/Sean/Behavior/Locomotor/PostProcessing/./../../BAT/CC_TestingSheets/2017-01-21/CCF1_2017-01-21_T1_PostTest.xlsx,BAT Template,Agouti-KIT,500-600,TRUE,NA,NA,NA,NA,SIT,BAT day 1,CCF1,001145-M-AX10-3.42857142857143-42689-8-S368_S368_2017/01/21,MovieLink,TRUE,TRUE,TRUE,TRUE,TRUE,TRUE,6508.822497,1
LL5-B2B/2017-01-22_SPD/LL5-1_001145-F-AX10-3.42857142857143-42689-1-S370.avi,WSB/EiJ,001145-F-AX10-3.42857142857143-42689-1-S370,F,S370,11/15/16,LL5-1,1/22/17,12.9,0.53472222222222221 N,1,NA --- NA W,Y,Sean Deats,AX10,12/9/16,TestingSheet,../../../../../kumarlab-new/Sean/Behavior/Locomotor/PostProcessing/./../../BAT/CC_TestingSheets/2017-01-22/CCF1_2017-01-22_T1_PostTest.xlsx,BAT Template,Agouti-KIT,500-600,TRUE,NA,NA,NA,NA,SIT,BAT day 1,CCF1,001145-F-AX10-3.42857142857143-42689-1-S370_S370_2017/01/22,MovieLink,TRUE,TRUE,TRUE,TRUE,TRUE,TRUE,6506.840517,1
LL5-B2B/2017-01-24_SPD/LL5-3_000683-F-F29-5.42857142857143-42695-3-S388.avi,RIIIS/J,LL5-3_000683-F-F29-5.42857142857143-42695-3-S388,F,S388,11/21/16,LL5-3,1/24/17,17,14:30,1,NA --- NA --- NA --- NA --- NA,Y,Sean Deats,F29,12/29/16,None,None,None,Albino,500-600,FALSE,COCAINE,20,NA,NA,PSY,NA,StrainSurvey,000683-F-F29-5.42857142857143-42695-3-S388_S388_2017/01/24,MovieLink,TRUE,TRUE,TRUE,TRUE,TRUE,TRUE,3795.082823,2
LL5-B2B/2017-01-24_SPD/LL5-4_000683-M-F29-10.7142857142857-42658-1-S390.avi,RIIIS/J,LL5-4_000683-M-F29-10.7142857142857-42658-1-S390,M,S390,10/15/16,LL5-4,1/24/17,21.7,14:30,1,NA --- NA --- NA --- NA --- NA,Y,Sean Deats,F29,12/29/16,None,None,None,Albino,500-600,FALSE,COCAINE,20,NA,NA,PSY,NA,StrainSurvey,000683-M-F29-10.7142857142857-42658-1-S390_S390_2017/01/24,MovieLink,TRUE,TRUE,TRUE,TRUE,TRUE,TRUE,3786.116723,2
LL5-B2B/2017-03-30_SPD/LL5-1_003715-F-F29-5.57142857142857-42750-1-S399.avi,PWK/PhJ,003715-F-F29-5.57142857142857-42750-1-S399,F,S399,1/15/17,LL5-1,3/30/17,15.2,0.52083333333333337 N,1,NA --- NA W,Y,Sean Deats,F29,2/23/17,TestingSheet,../../../../../kumarlab-new/Sean/Behavior/Locomotor/PostProcessing/./../../BAT/CC_TestingSheets/2017-03-30/CCF1_2017-03-30_T1_PostTest.xlsx,BAT Template,NA,500-600,TRUE,NA,NA,NA,NA,SIT,BAT day 1,CCF1,003715-F-F29-5.57142857142857-42750-1-S399_S399_2017/03/30,MovieLink,TRUE,TRUE,TRUE,TRUE,TRUE,TRUE,6571.113299,1
LL5-B2B/2017-05-03_SPD/LL5-1_000669-F-AX10-5.28571428571429-42794-1-S404.avi,C58/J,LL5-1_000669-F-AX10-5.28571428571429-42794-1-S404,F,S404,2/28/17,LL5-1,5/3/17,15.8,14:30,1,NA --- Climbing walls of cage. --- NA --- NA --- NA,Y,Sean Deats,AX10,4/6/17,None,None,None,NA,500-600,FALSE,COCAINE,20,NA,NA,PSY,NA,StrainSurvey,000669-F-AX10-5.28571428571429-42794-1-S404_S404_2017/05/03,MovieLink,TRUE,TRUE,TRUE,TRUE,TRUE,TRUE,3752.485982,2
LL5-B2B/2017-05-31_SPD/BTBR_Female_S6423823-ep8-PSY.avi,BTBR T-plus-ltpr3-tf-/J,BTBR_Female_S6423823-ep8-PSY,F,S6423823,2/21/17,LL5-3,5/31/17,30.1,0.56944444444444442 N,1,NA --- WHITE NOISE P,N,Sean Deats,B2B,NA,TestingSheet,../../../../../kumarlab-new/Sean/Behavior/Locomotor/PostProcessing/./../PSY Response Tests_SPD/2017/1701 1702 1703/Test Sheet Templates/BATSIT_MIXED_05-31-17_SPD_PostTest.xlsx,BAT Template,Surplus BTBR,350-450,TRUE,NA,NA,NA,NA,NA,NA,NA,BTBR_Female_S6423823-ep8-PSY_S6423823_2017/05/31,MovieLink,TRUE,TRUE,TRUE,TRUE,TRUE,TRUE,3907.9,2
LL5-B2B/2017-08-08_SPD/LL5-3_000676-F-AX29-10.2857142857143-42864-3-S423.avi,LP/J,LL5-3_000676-F-AX29-10.2857142857143-42864-3-S423,F,S423,5/9/17,LL5-3,8/8/17,19.5,13:05,1,WHITE NOISE. 400 LUX --- NA --- NA --- NA --- NA --- NA --- NA W,Y,Sean Deats,AX29,7/20/17,None,None,None,Agouti,350-400,TRUE,COCAINE,20,NA,NA,PSY,NA,StrainSurvey,000676-F-AX29-10.2857142857143-42864-3-S423_S423_2017/08/08,MovieLink,TRUE,TRUE,TRUE,TRUE,TRUE,TRUE,3958.706288,2
LL6-B2B/2016-01-26_BG/LL6-3_C57L.avi,C57L/J,LL6-3_C57L,F,NA,11/24/15,LL6-3,1/26/16,20.1,10:45,1,NA --- Two Marks On Coat --- NA --- NA --- NA,Y,Brian Geuther,MP13,1/21/16,None,None,None,Gray,500-600,FALSE,NA,0,NA,NA,OFA,NA,StrainSurvey,C57L_NA_2016/01/26,MovieLink,TRUE,TRUE,TRUE,TRUE,TRUE,TRUE,3744.791666,1
LL6-B2B/2016-02-08_BG/LL6-1_C3HHeJ_F.avi,C3H/HeJ,LL6-1_C3HHeJ_F,F,NA,12/1/15,LL6-1,2/8/16,19.9,10:55,1,NA --- NA --- NA --- NA --- NA,Y,Brian Geuther,MP14,2/4/16,None,None,None,Agouti,500-600,FALSE,NA,0,NA,NA,OFA,NA,StrainSurvey,C3HHeJ_F_NA_2016/02/08,MovieLink,TRUE,TRUE,TRUE,TRUE,TRUE,TRUE,3752.142857,1
LL6-B2B/2016-02-15_BG/LL6-1_PL_M.avi,PL/J,LL6-1_PL_M,M,NA,12/8/15,LL6-1,2/15/16,26.7,10:45,1,NA --- Kinks in tail --- NA --- NA --- NA,Y,Brian Geuther,AX29,2/11/16,None,None,None,Albino,500-600,FALSE,NA,0,NA,NA,OFA,NA,StrainSurvey,PL_M_NA_2016/02/15,MovieLink,TRUE,TRUE,TRUE,TRUE,TRUE,TRUE,3579.62069,1
LL6-B2B/2016-02-22_BG/LL6-1_BTBR_M.avi,BTBR T-plus-ltpr3-tf-/J,LL6-1_BTBR_M,M,NA,12/22/15,LL6-1,2/22/16,29.7,10:55,1,NA --- NA --- NA --- NA --- NA,Y,Brian Geuther,AX8,2/18/16,None,None,None,Agouti,500-600,FALSE,NA,0,NA,NA,OFA,NA,StrainSurvey,BTBR_M_NA_2016/02/22,MovieLink,TRUE,TRUE,TRUE,TRUE,TRUE,TRUE,3731.538461,1
LL6-B2B/2016-02-23_BG/LL6-1_B6AF1_M.avi,B6AF1/J,LL6-1_B6AF1_M,M,NA,12/22/15,LL6-1,2/23/16,25.3,10:50,1,NA --- NA --- NA --- NA --- NA,Y,Brian Geuther,AX1,2/18/16,None,None,None,Black,500-600,FALSE,NA,0,NA,NA,OFA,NA,StrainSurvey,B6AF1_M_NA_2016/02/23,MovieLink,TRUE,TRUE,TRUE,TRUE,TRUE,TRUE,3574.333333,1
LL6-B2B/2016-03-08_BG/LL6-4_CByB6F1_F.avi,CByB6F1/J,LL6-4_CByB6F1_F,F,NA,1/5/16,LL6-4,3/8/16,22.3,10:55,1,Taken with VC++ Sentech --- NA --- NA --- NA --- NA,Y,Brian Geuther,AX1,3/3/16,None,None,None,Agouti,500-600,FALSE,NA,0,NA,NA,OFA,NA,StrainSurvey,CByB6F1_F_NA_2016/03/08,MovieLink,TRUE,TRUE,TRUE,TRUE,TRUE,TRUE,3515.686556,1
LL6-B2B/2016-03-22_SPD/LL6-1_CAF1_M.avi,CAF1/J,LL6-1_CAF1_M,M,NA,1/19/16,LL6-1,3/22/16,29,12:35,1,Taken with VC++ Sentech --- NA --- Ready to run at 11:55:00 AM but had technical issues. --- NA --- NA,Y,Sean Deats,AX28,3/17/16,None,None,None,Albino,500-600,FALSE,NA,0,NA,NA,OFA,NA,StrainSurvey,CAF1_M_NA_2016/03/22,MovieLink,TRUE,TRUE,TRUE,TRUE,TRUE,TRUE,3775.263022,1
LL6-B2B/2016-04-04_SPD/LL6-1_AKR_M.avi,AKR/J,LL6-1_AKR_M,F,NA,1/26/16,LL6-1,4/4/16,25.3,10:15,1,Taken with VC++ Sentech --- NA --- NA --- NA --- NA,Y,Sean Deats,MP16,3/31/16,None,None,None,Albino,500-600,FALSE,COCAINE,20,NA,NA,PSY,NA,StrainSurvey,AKR_M_NA_2016/04/04,MovieLink,TRUE,TRUE,TRUE,TRUE,TRUE,TRUE,3767.083422,2
LL6-B2B/2016-04-06_SPD/LL6-1_100009-M-AX1-8-42402-7.avi,CByB6F1/J,LL6-1_100009-M-AX1-8-42402-7,M,NA,2/2/16,LL6-1,4/6/16,27.7,14:50,1,Taken with VC++ Sentech --- NA --- NA --- NA --- NA,Y,Sean Deats,AX1,3/31/16,None,None,None,Agouti,500-600,FALSE,COCAINE,20,NA,NA,PSY,NA,StrainSurvey,100009-M-AX1-8-42402-7_NA_2016/04/06,MovieLink,TRUE,TRUE,TRUE,TRUE,TRUE,TRUE,3926.113727,2
LL6-B2B/2016-04-08_SPD/LL6-4_100010-F-AX1-8-42402-8.avi,B6SJLF1/J,LL6-4_100010-F-AX1-8-42402-8,F,NA,2/2/16,LL6-4,4/8/16,18.2,10:35,1,"Taken with VC++ Sentech --- Bled after injection. Looks like hit bladder. SMALL PUDDLE OF BLOOD OBSERVED AT 1hr, 45 min AND AGAIN AT 2hr, 1 min. OK TO USE. --- NA --- NA --- NA",Y,Sean Deats,AX1,3/31/16,None,None,None,Agouti,500-600,FALSE,COCAINE,20,NA,NA,PSY,NA,StrainSurvey,100010-F-AX1-8-42402-8_NA_2016/04/08,MovieLink,TRUE,TRUE,TRUE,TRUE,TRUE,TRUE,3946.090827,2
LL6-B2B/2016-04-11_SPD/LL6-3_000651-M-MP13-9-42395-7-S014.avi,BALB/cJ,LL6-3_000651-M-MP13-9-42395-7-S014,M,S014,1/26/16,LL6-3,4/11/16,28.4,10:15,1,Taken with VC++ Sentech --- NA --- NA --- NA --- NA,Y,Sean Deats,MP13,3/31/16,None,None,None,Albino,500-600,FALSE,COCAINE,20,NA,NA,PSY,NA,StrainSurvey,000651-M-MP13-9-42395-7-S014_S014_2016/04/11,MovieLink,TRUE,TRUE,TRUE,TRUE,TRUE,TRUE,3866.685786,2
LL6-B2B/2016-04-20_SPD/LL6-1_000676-M-AX29-8-42409-5-S091.avi,LP/J,LL6-1_000676-M-AX29-8-42409-5-S091,M,S091,2/9/16,LL6-1,4/20/16,19.7,10:40,1,Taken with VC++ Sentech --- NA --- NA --- NA --- NA,Y,Sean Deats,AX29,4/7/16,None,None,None,Agouti,500-600,FALSE,COCAINE,20,NA,NA,PSY,NA,StrainSurvey,000676-M-AX29-8-42409-5-S091_S091_2016/04/20,MovieLink,TRUE,TRUE,TRUE,TRUE,TRUE,TRUE,3989.033728,2
LL6-B2B/2016-04-27_SPD/LL6-3_100012-M-AX1-10-42409-9-S106.avi,B6SJLF1/J,LL6-3_100012-M-AX1-10-42409-9-S106,M,S106,2/9/16,LL6-3,4/27/16,27.1,10:25,1,Taken with VC++ Sentech --- Fighting in Cage --- NA --- Injection @4000 secs --- NA,Y,Sean Deats,AX1,4/21/16,None,None,None,Agouti,500-600,FALSE,COCAINE,20,NA,NA,PSY,NA,StrainSurvey,100012-M-AX1-10-42409-9-S106_S106_2016/04/27,MovieLink,TRUE,TRUE,TRUE,TRUE,TRUE,TRUE,3969.685828,2
LL6-B2B/2016-04-28_SPD/LL6-1_100492-M-AX27-8-42416-2-S087.avi,B6129PF1/J,LL6-1_100492-M-AX27-8-42416-2-S087,M,S087,2/16/16,LL6-1,4/28/16,31.3,14:35,1,Taken with VC++ Sentech --- Whiskered on one side --- NA --- NA --- NA,Y,Sean Deats,AX27,4/14/16,None,None,None,Agouti,500-600,FALSE,COCAINE,20,NA,NA,PSY,NA,StrainSurvey,100492-M-AX27-8-42416-2-S087_S087_2016/04/28,MovieLink,TRUE,TRUE,TRUE,TRUE,TRUE,TRUE,3943.542567,2
LL6-B2B/2016-04-28_SPD/LL6-4_002448-F-AX4-9-42416-9-S120.avi,129S1/SvlmJ,LL6-4_002448-F-AX4-9-42416-9-S120,F,S120,2/16/16,LL6-4,4/28/16,21.3,10:20,1,Taken with VC++ Sentech --- NA --- NA --- NA --- NA,Y,Sean Deats,AX4,4/21/16,None,None,None,Agouti,500-600,FALSE,COCAINE,20,NA,NA,PSY,NA,StrainSurvey,002448-F-AX4-9-42416-9-S120_S120_2016/04/28,MovieLink,TRUE,TRUE,TRUE,TRUE,TRUE,TRUE,3895.723366,2
LL6-B2B/2016-04-29_SPD/LL6-4_000928-M-AX1-8-42423-10-S124.avi,CAST/EiJ,LL6-4_000928-M-AX1-8-42423-10-S124,M,S124,2/23/16,LL6-4,4/29/16,16.3,10:30,1,Taken with VC++ Sentech --- NA --- Cage changing and room cleaning before test --- NA --- NA,Y,Sean Deats,AX1,4/21/16,None,None,None,Agouti,500-600,FALSE,COCAINE,20,NA,NA,PSY,NA,StrainSurvey,000928-M-AX1-8-42423-10-S124_S124_2016/04/29,MovieLink,TRUE,TRUE,TRUE,TRUE,TRUE,TRUE,4122.487052,2
LL6-B2B/2016-05-09_SPD/LL6-1_000668-M-MP13-9-42430-11-S148.avi,C57L/J,LL6-1_000668-M-MP13-9-42430-11-S148,M,S148,3/1/16,LL6-1,5/9/16,26.1,10:25,1,Taken with VC++ Sentech --- NA --- NA --- NA --- NA,Y,Sean Deats,MP13,5/5/16,None,None,None,Gray,500-600,FALSE,COCAINE,20,NA,NA,PSY,NA,StrainSurvey,000668-M-MP13-9-42430-11-S148_S148_2016/05/09,MovieLink,TRUE,TRUE,TRUE,TRUE,TRUE,TRUE,3962.229808,2
LL6-B2B/2016-06-10_SPD/LL6-2_002448-M-AX4-11-42437-1-S232.avi,129S1/SvlmJ,LL6-2_002448-M-AX4-11-42437-1-S232,M,S232,3/8/16,LL6-2,6/10/16,26.6,14:25,1,Taken with VC++ Sentech --- NA --- NA --- NA --- NA,Y,Sean Deats,AX4,5/26/16,None,None,None,Agouti,500-600,FALSE,COCAINE,20,NA,NA,PSY,NA,StrainSurvey,002448-M-AX4-11-42437-1-S232_S232_2016/06/10,MovieLink,TRUE,TRUE,TRUE,TRUE,TRUE,TRUE,3782.844883,2
LL6-B2B/2016-08-23_SPD/LL6-1_CAST_Female_S6651302_ep1-BAT.avi,CAST/EiJ,CAST_Female_S6651302_ep1-BAT,F,S6651302,6/14/16,LL6-1,8/23/16,11.7,0.53125 N,1,"Weighed afterwards, Video originally male renamed to female based on cage card info --- NA N",N,Sean Deats,B2B,NA,TestingSheet,../../../../../kumarlab-new/Sean/Behavior/Locomotor/PostProcessing/./../../BAT/CC_TestingSheets/2016-08-23/CC_2016-08-23_T1_PostTest.xlsx,BAT Template,NA,500-600,TRUE,NA,NA,NA,NA,SIT,BAT day 1,CCF1,CAST_Female_S6651302_ep1-BAT_S6651302_2016/08/23,MovieLink,TRUE,TRUE,TRUE,TRUE,TRUE,TRUE,6565.45906,1
LL6-B2B/2016-12-27_SPD/LL6-3_002106-M-AX18-4.14285714285714-42661-4-S345.avi,KK/HiJ,LL6-3_002106-M-AX18-4.14285714285714-42661-4-S345,M,S345,10/18/16,LL6-3,12/27/16,26.9,13:45,1,NA --- NA --- NA --- NA --- NA,Y,Sean Deats,AX18,11/16/16,None,None,None,Albino,500-600,FALSE,COCAINE,20,NA,NA,PSY,NA,StrainSurvey,002106-M-AX18-4.14285714285714-42661-4-S345_S345_2016/12/27,MovieLink,TRUE,TRUE,TRUE,TRUE,TRUE,TRUE,3745.910842,2
LL6-B2B/2016-12-28_SPD/LL6-1_002106-F-AX18-4.14285714285714-42661-2-S353.avi,KK/HiJ,LL6-1_002106-F-AX18-4.14285714285714-42661-2-S353,F,S353,10/18/16,LL6-1,12/28/16,25.2,14:35,1,NA --- NA --- NA --- NA --- NA,Y,Sean Deats,AX18,11/16/16,None,None,None,Albino,500-600,FALSE,COCAINE,20,NA,NA,PSY,NA,StrainSurvey,002106-F-AX18-4.14285714285714-42661-2-S353_S353_2016/12/28,MovieLink,TRUE,TRUE,TRUE,TRUE,TRUE,TRUE,3765.950862,2
LL6-B2B/2017-01-11_SPD/LL6-2_000644-F-F29-6-42682-2-S381.avi,SEA/GnJ,LL6-2_000644-F-F29-6-42682-2-S381,F,S381,11/8/16,LL6-2,1/11/17,19.4,14:40,1,NA --- NA --- NA --- NA --- NA,Y,Sean Deats,F29,12/20/16,None,None,None,Chinchilla,500-600,FALSE,COCAINE,20,NA,NA,PSY,NA,StrainSurvey,000644-F-F29-6-42682-2-S381_S381_2017/01/11,MovieLink,TRUE,TRUE,TRUE,TRUE,TRUE,TRUE,3818.426144,2
LL6-B2B/2017-01-12_SPD/LL6-1_000644-M-F29-6-42682-2-S379.avi,SEA/GnJ,LL6-1_000644-M-F29-6-42682-2-S379,M,S379,11/8/16,LL6-1,1/12/17,25.5,13:35,1,NA --- NA --- NA --- NA --- NA,Y,Sean Deats,F29,12/20/16,None,None,None,Chinchilla,500-600,FALSE,COCAINE,20,NA,NA,PSY,NA,StrainSurvey,000644-M-F29-6-42682-2-S379_S379_2017/01/12,MovieLink,TRUE,TRUE,TRUE,TRUE,TRUE,TRUE,3819.904764,2
LL6-B2B/2017-06-30_SPD/LL6-1_000651-F-MP16-10.2857142857143-42836-7-S418.avi,BALB/cJ,LL6-1_000651-F-MP16-10.2857142857143-42836-7-S418,F,S418,4/11/17,LL6-1,6/30/17,NA,NA,1,NA --- NA --- NA --- NA --- NA --- NA --- NA N,Y,Sean Deats,MP16,6/22/17,None,None,None,Albino,500-600,FALSE,NA,NA,NA,NA,OFA,NA,StrainSurvey,000651-F-MP16-10.2857142857143-42836-7-S418_S418_2017/06/30,MovieLink,TRUE,TRUE,TRUE,TRUE,TRUE,TRUE,3843.940204,2
LL6-B2B/2018-01-28_SPD/WT009G2NCIN20309F-9-PSY.avi,C57BL/6NJ,WT009G2NCIN20309F-9-PSY,F,WT1711AJ,10/28/17,LL6-3,1/28/18,25.6,0.5 N,1,NA --- WHITE NOISE N,N,Sean Deats,B2B,NA,TestingSheet,../../../../../kumarlab-new/Sean/Behavior/Locomotor/PostProcessing/./../PSY Response Tests_SPD/2018/1711/Acute PSY Cocaine_01-28-18_SPD_PostTest.xlsx,BAT Template,NA,350-450,TRUE,COCAINE,10,NA,NA,NA,NA,NA,WT009G2NCIN20309F-9-PSY_WT1711AJ_2018/01/28,MovieLink,TRUE,TRUE,TRUE,TRUE,TRUE,TRUE,3940.366666,2
LL6-B2B/2018-02-19_SPD/WT001G16N5F110120F-20-PSY.avi,C57BL/6J,WT001G16N5F110120F-20-PSY,F,WT1712BJ,11/25/17,LL6-4,2/19/18,NA,NA N,1,NA --- NA W,N,Sean Deats,B2B,NA,TestingSheet,../../../../../kumarlab-new/Sean/Behavior/Locomotor/PostProcessing/./../PSY Response Tests_SPD/2018/1712/Sensitization15mg_02-06-18 Start_SPD_PostTest.xlsx,C2_Cohort2,NA,350-450,TRUE,COCAINE,10,NA,NA,NA,NA,NA,WT001G16N5F110120F-20-PSY_WT1712BJ_2018/02/19,MovieLink,TRUE,TRUE,TRUE,TRUE,TRUE,TRUE,4212.733334,2
LL6-B2B/2018-03-19_SPD/B6J_Male_S7249139M-4-PSY.avi,C57BL/6J,B6J_Male_S7249139M-4-PSY,M,S7249139,1/2/18,LL6-3,3/19/18,31.5,0.41319444444444442 N,1,"Rec on 2/22/2018, from MP23 --- WHITE NOISE N",Y,Sean Deats,MP23,2/22/18,TestingSheet,../../../../../kumarlab-new/Sean/Behavior/Locomotor/PostProcessing/./../PSY Response Tests_SPD/2018/1801/Acute PSY Cocaine_03-19-18_SPD_PostTest.xlsx,BAT Template,NA,350-450,TRUE,COCAINE,10,NA,NA,NA,NA,NA,B6J_Male_S7249139M-4-PSY_S7249139_2018/03/19,MovieLink,TRUE,TRUE,TRUE,TRUE,TRUE,TRUE,4329.833334,2
LL6-B2B/2018-04-03_SPD/WT009G2NCIN20825M-25-PSY.avi,C57BL/6NJ,WT009G2NCIN20825M-25-PSY,M,WT1803S,2/14/18,LL6-4,4/3/18,26.4,0.55555555555555558 N,1,NA --- NA W,N,Sean Deats,B2B,NA,TestingSheet,../../../../../kumarlab-new/Sean/Behavior/Locomotor/PostProcessing/./../PSY Response Tests_SPD/2018/1802/Sensitization10mg_04-03-18 Start_SPD_PostTest.xlsx,S1_Cohort1,NA,350-450,TRUE,SALINE,NA,NA,NA,NA,NA,NA,WT009G2NCIN20825M-25-PSY_WT1803S_2018/04/03,MovieLink,TRUE,TRUE,TRUE,TRUE,TRUE,TRUE,4083.533333,2
LL6-B2B/2018-06-04_SPD/C57BR_Female_152-153-6-PSY.avi,C57BR/cdJ,C57BR_Female_152-153-6-PSY,F,152-153,3/28/18,LL6-1,6/4/18,21,0.4236111111111111 N,1,"A18, Rec on 4/26/2018 --- NA W",N,Sean Deats,B2B,NA,TestingSheet,../../../../../kumarlab-new/Sean/Behavior/Locomotor/PostProcessing/./../PSY Response Tests_SPD/2018/1803/Sensitization10mg_05-08-18 Start_SPD_PostTest.xlsx,C8_Cohort1,NA,350-450,TRUE,COCAINE,20,NA,NA,NA,NA,NA,C57BR_Female_152-153-6-PSY_152-153_2018/06/04,MovieLink,TRUE,TRUE,TRUE,TRUE,TRUE,TRUE,3875.8,2
LL6-B2B/2018-06-04_SPD/C57BR_Male_154-155-1-PSY.avi,C57BR/cdJ,C57BR_Male_154-155-1-PSY,M,154-155,3/28/18,LL6-2,6/4/18,28.7,0.4236111111111111 N,1,"A18, Rec on 4/26/2018 --- NA W",N,Sean Deats,B2B,NA,TestingSheet,../../../../../kumarlab-new/Sean/Behavior/Locomotor/PostProcessing/./../PSY Response Tests_SPD/2018/1803/Sensitization10mg_05-08-18 Start_SPD_PostTest.xlsx,C8_Cohort1,NA,350-450,TRUE,COCAINE,20,NA,NA,NA,NA,NA,C57BR_Male_154-155-1-PSY_154-155_2018/06/04,MovieLink,TRUE,TRUE,TRUE,TRUE,TRUE,TRUE,3859.866667,2